{
  "rewrites": [
    {
      "source": "/(.*)",
      "destination": "/index.html"
    }
  ],
  "buildCommand": "npm run build",
  "outputDirectory": "dist",
  "env": {
    "VITE_SUPABASE_URL": "https://axrpuzcjjlecvhmpgwgf.supabase.co",
    "VITE_SUPABASE_ANON_KEY": "eyJhbGciOiJIUzI1NiIsInR5cCI6IkpXVCJ9.eyJpc3MiOiJzdXBhYmFzZSIsInJlZiI6ImF4cnB1emNqamxlY3ZobXBnd2dmIiwicm9sZSI6ImFub24iLCJpYXQiOjE3NDMzMTQ3MzksImV4cCI6MjA1ODg5MDczOX0.l0xjDN9eki84QZfgKS9aLnZtKdCxrBBsFm-nOIoG4i0",
    "VITE_SUPABASE_SERVICE_ROLE_KEY": "eyJhbGciOiJIUzI1NiIsInR5cCI6IkpXVCJ9.eyJpc3MiOiJzdXBhYmFzZSIsInJlZiI6ImF4cnB1emNqamxlY3ZobXBnd2dmIiwicm9sZSI6InNlcnZpY2Vfcm9sZSIsImlhdCI6MTc0MzMxNDczOSwiZXhwIjoyMDU4ODkwNzM5fQ.SakRT-xRH-EKaDpWRp5TKXl74Cu2eSVsAasoSa_RGH8",
    "VITE_GOOGLE_CLIENT_ID": "310655891307-7jvj81ep72pk7sd1ikoabu9uehn58ljq.apps.googleusercontent.com",
    "VITE_GOOGLE_CLIENT_SECRET": "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",
    "VITE_GOOGLE_DEVELOPER_TOKEN": "8GDp8fH4nTITdll67A-2sw",
    "VITE_AUTH_URL": "http://localhost:3000",
    "VITE_AUTH_SECRET": "Dark0001!"
  }
}